Strain,Dominance,Special,Brand,Product,Also Known As,,Variant,Parent1,Parent1%,Parent2,Parent2%,Parent3,Parent3%,Parent4,Parent4%,Parent5,Parent5%,Parent6,Parent6%,,notes,Breeder,Origin,Treated,Cannabinoids,Terpenes,General comments
3 Bears OG,,,,,3 Bears,,,Auto Triangle Kush,,Karma OG,,,,,,,,,,,,,,,,,
84% Pure Gooey,,,,,,,Gooey,,,,,,,,,,,,,,,,,,,,
91 Krypt,,,,,,,,Chemdawg 91,,Captain Krypt OG,,,,,,,,,,,,,,,,,
91 OG Krypt Melon,,,,,,,,Melon OG,,91 Krypt,,,,,,,,,,,,,,,,,
98 Aloha White Widow,,,,,,,,White Widow,,,,,,,,,,,,,,,,,,,
Abusive OG,,,,,,,OG Kush,,,,,,,,,,,,,,,Abusive,,,,,
Acapulco Gold,,,,,,,Mexico Sativa Landraces,,,,,,,,,,,,,,,,,,,,
Aceh/Atjeh,,,,,,,Indonesia Sativa Landraces,,,,,,,,,,,,,,,,,,,,
Afghan Haze,,ex NZ Medical,Medleaf,Medleaf Afghan Haze (discontinued),,,,Afghan/Pakistan Indica Landraces,,Haze,,,,,,,,,,,,,,,,,
Afghan/Pakistan Indica Landraces,Indica dominant,Landrace,,,Afghani,,,Original Central Asian Indica,,,,,,,,,,,,,,,,,,,
Afghani #1,,,,,,,,Afghan/Pakistan Indica Landraces,,,,,,,,,,,,,,,,,,,
Afghani Hawaiian,,,,,Afghan Hawaiian,,,Afghan/Pakistan Indica Landraces,,Hawaiian Sativa Landraces,,,,,,,,,,,,,,,,,
African Indica Landraces,Indica dominant,Landrace,,,,,,Introduced Naturalised Indica,,,,,,,,,,,,,,,,,,,
African Purple,,,,,,,,African Indica Landraces,,,,,,,,,,,,,,,,,,,
AK-47,,,,,,,,Mexico Sativa Landraces,,Colombian Sativa Landraces,,Thai Sativa Landraces,,Afghan/Pakistan Indica Landraces,,,,,,,,,,,,,
Aladdin Kush,,,,,,,,Aladdin’s Skunk,,Black Kush,,,,,,,,,,,,,,,,,
Aladdin’s Skunk,,,,,,,Skunk #1,,,,,,,,,,,,,,,,,,,,
AlaDin,,,,,Aladin,,,Apollo 11,25.00%,Colombia Punto Rojo,25.00%,Original Diesel,50.00%,,,,,,,,,,,,,,
Alien Cookies,,,,,,,,Forum Cut Cookies,,Alien Dawg,,,,,,,,,,,,,,,,,
Alien Dawg,,,,,,,,Chemdawg D,,Alien Technology,,,,,,,,,,,,,,,,,
Alien Kush,,,,,,,,Alien Technology,,Las Vegas Purple Kush,,,,,,,,,,,,,,,,,
Alien Technology,,,,,,,Afghan/Pakistan Indica Landraces,,,,,,,,,,,,,,,,,,,,
American Pacific Sativa Landraces,Sativa dominant,Landrace,,,,,,Introduced Naturalised Sativa,,,,,,,,,,,,,,,,,,,
Amnesia,,,,,,,,Jack Herer,,Cinderella 99 ,,,,,,,,,,,,,,,,,
Amnesia Fast,,NZ Medical,Helius,Helius Amelia,,,,Haze,,Northern Lights,,,,,,,,,,,,,New Zealand,Non-irradiated,,,
Amnesia Haze,,,,,,,,Haze,,Thai Sativa Landraces,,Hawaiian Sativa Landraces,,Jamaican Sativa Landraces,,Afghan/Pakistan Indica Landraces,,,,,,,,,"THC 19%, CBD <1%",,
Amnesia Lemon,,,,,,,,Amnesia Haze,,Lemon Skunk,,,,,,,,,,,,,,,,,
Animal Cookies,,,,,,,,Girl Scout Cookies,,Fire OG,,,,,,,,,,,,,,,,,
Animal Cookies Bx2,,,,,,,,Animal Cookies,87.50%,SinMint Cookies,12.50%,,,,,,,,,,,,,,,,
Animal Face,,,,,,,,Face Off OG,,Animal Mints,,,,,,,,,,,,,,,,,
Animal Face #2,,,,,,,Animal Face,,,,,,,,,,,,,,,,,,,,
Animal Mints,,,,,,,,Animal Cookies,,SinMint Cookies,,,,,,,,,,,,,,,,,
Animal Mintz,,,,,,,,Animal Cookies,,Thin Mint Girl Scout Cookies,,Fire OG,,,,,,,,,,,,,,,
Animal Runtz,,,,,,,,Animal Cookies,,Runtz,,,,,,,,,,,,,,,,,
Animal Runtz (Fig Farms),,,,,Fig Farms Animal Runtz,,,Runtz,,Animal Face #2,,,,,,,,,,,,,,,,,
Animal Runtz (LIT Farms),,,,,LIT Farms Animal Runtz,,,Runtz,,Animal Mints,,,,,,,,,,,,,,,,,
Apollo 11,,,,,,,,Cinderella 99 ,,Genius ,,,,,,,,,,,,,,,,,
Appalachia ,,,,,,,,Green Crack,,Tres Dawg,,,,,,,,,,,,,,,,,
Apples & Bananas,,,,,,,,Platinum Girl Scout Cookies,12.50%,Granddaddy Purple,12.50%,Blue Power,25.00%,Gelatti,50.00%,,,,,,,,,,,,
Aspen OG,,,,,,,,San Fernando Valley OG Kush,,Sour Cream ,,,,,,,,,,,,,,,,,
Auto Triangle Kush,,,,,,,,Triangle Kush,50.00%,Hindu Kush,12.50%,Amnesia,12.50%,White Russian,12.50%,White Widow,12.50%,,,,,,,,,,
Azure Haze,,,,,DJ Short Azure Haze,,,Silver Haze,,Blueberry,,,,,,,,,,,,,,,,,
B4,,,,,,,,Blue Dream,,Chemdawg 4,,,,,,,,,,,,,,,,,
B52,,NZ Medical,Cannasouth,Cannasouth Symetis/Serion,,,,Runtz,,Unknown Strain,,,,,,,,,,,,,,,"THC 17%, CBD <2%",,
Banana,,,,,,,Sagarmatha 60/40,,,,,,,,,,,,,,,,,,,,
Banana Cake,,,,,,,,Banana OG,,Wedding Cake,,,,,,,,,,,,,,,,,
Banana Kush,,,,,,,,Ghost OG,,Skunk Haze,,,,,,,,,,,,,,,,,
Banana OG,,,,,,,,Banana,,OG Kush,,,,,,,,,,,,,,,,,
Bangi Congo,,,,,,,Central African Sativa Landraces,,,,,,,,,,,,,,,,,,,,
Bear's Breath ,,,,,Grizzly Breath; Grizzly's Breath,,,Lamb’s Bread ,,3 Bears OG,,,,,,,,,,,,,,,,,
Berry Cream Puff,,,shane,,,,,Cake Crasher,,Unknown Sativa Strain 1,,,,,,,,,,,,,,,,,
Berry Diesel,,,,,,,,Blueberry,,Sour Diesel,,,,,,,,,,,,,,,,,
Berry White,,,,,,,,Blueberry,,White Widow,,,,,,,,,,,,,,,,,
Berryfreak ,,,,,,,,Pineapple Express #2,,Holy Banana,,,,,,,,,,,,,,,,,
Big Bud,,,,,,,,Northern Lights #5,,Skunk #1,,Afghani #1,,,,,,,,,,,,,,,
Big Buddha Cheese,,,,,BBC,,,UK Cheese,,Afghan/Pakistan Indica Landraces,,,,,,,,,,,,,,,,,
Big Skunk Korean,,,,,,,,Big Bud,,Skunk #1,,Unknown Korean Strain,,,,,,,,,,,,,,,
Big Sur Holy Weed,,,,,,,,Mexico Sativa Landraces,,Mazar I Sharif,,,,,,,,,,,,,,,,,
Biker Kush,,,,,,,,Hell's Angels OG,,Lucifer OG,,,,,,,,,,,,,,,,,
Biscotti,,,,,,,,Gelato 25 ,,Sour Florida OG,,,,,,,,,,,,,,,,,
Black Cherry Pie,,,,,,,,Cherry Pie,,Blackberry Kush,,,,,,,,,,,,,,,,,
Black Cherry Punch,,,shane,,,,,Black Cherry Pie,,Purple Punch,,,,,,,,,,,,,,,,,
Black Domina,,,,,,,,Northern Lights #5,,Afghan/Pakistan Indica Landraces,,Ortega,,Hash Plant,,,,,,,,,,,,,
Black Fire F1,,,,,,,,Afghan/Pakistan Indica Landraces,,White Fire,,,,,,,,,,,,,,,,,
Black Kush,,,,,,,,Girl Scout Cookies,,Blackwater ,,,,,,,,,,,,,,,,,
Blackberry,,,,,,,,Black Domina,,Raspberry Cough,,,,,,,,,,,,,,,,,
Blackberry Kush,,,,,,,,Bubba Kush,,Blackberry,,,,,,,,,,,,,,,,,
Blackwater ,,,,,,,,Mendocino Purps,,Tahoe OG Kush,,,,,,,,,,,,,,,,,
Blue Cheese,,,,,,,,Blueberry,,UK Cheese,,,,,,,,,,,,,,,,,
Blue Dream,,ex NZ Medical,Bloom,Bloom Blue Dream (discontinued),,,,Haze,,Blueberry,,,,,,,,,,,,,,,,,
Blue Haze,,,,,,,,Blueberry,,Haze,,,,,,,,,,,,,,,,,
Blue Moonshine,,,,,,,Blueberry,,,,,,,,,,,,,,,,,,,,
Blue Power,,,,,,,,Blue Moonshine,25.00%,Master Kush,25.00%,Triangle,25.00%,Sour Double,25.00%,,,,,,,,,,,,
Blue Skunk,,,,,,,,Skunk #1,,Blueberry,,,,,,,,,,,,,,,,,
Blue Tango,,NZ Medical,Rua,Rua THC24,,,,Blue Dream,,Tango Jack,,,,,,,,,,,,,,,,,
Blueberry,,,,,DJ Short Blueberry,,,Afghan/Pakistan Indica Landraces,50.00%,Purple Thai Sativa Landraces,25.00%,Thai Sativa Landraces,25.00%,,,,,,,,,DJ Short,,,,,
Blueberry Kush,,,,,,,,Blueberry,,OG Kush,,,,,,,,,,,,,,,,,
Blueberry Sativa,,,,,,,Blueberry,,,,,,,,,,,,,,,,,,,,
BOGBubble,,,,,,,,Bubblegum,,,,,,,,,,,,,,,,,,,
Brazil Sativa Landraces,Sativa dominant,Landrace,,,,,,Introduced Naturalised Sativa,,,,,,,,,,,,,,,,,,,
Breath of Purple Dragon,,,,,,,,Pakistani Chitral Kush,,Dr Dream All Cure,,,,,,,,,,,,,,,,,
Bubba Kush,,,,,,,,Northern Lights,,OG Kush,,,,,,,,,,,,,,,,,
Bubble N Squeak,,,,,,,,Big Buddha Cheese,,Double Bubble F1,,,,,,,,,,,,,,,,,
Bubblegum,,,,,,,,Indiana Bubble Gum,,,,,,,,,,,,,,,,,,,
Burmese Kush,,,,,,,,Burmese Sativa Landraces,,OG Kush,,,,,,,,,,,,,,,,,
Burmese Sativa Landraces,Sativa dominant,Landrace,,,,,,Original South Asian Sativa,,,,,,,,,,,,,,,,,,,
Cake Crasher,,,,,,,,Wedding Crasher,,Wedding Cake,,,,,,,,,,,,,,,,,
California Black Rozé,,,,,,,,OG Eddy Lepp,,Rozé,,,,,,,,,,,,,,,,,
California Orange,,,,,,,,California Sativa Landraces,,North American Indica Landraces,,,,,,,,,,,,,,,,,
California Sativa Landraces,Sativa dominant,,,,,,American Pacific Sativa Landraces,,,,,,,,,,,,,,,,,,,,
Cambodia Sativa Landraces,Sativa dominant,Landrace,,,,,,Original South Asian Sativa,,,,,,,,,,,,,,,,,,,
Candyland,,,,,,,,Platinum Girl Scout Cookies,,Granddaddy Purple,,,,,,,,,,,,,,,,,
Cannalope Haze,,,,,,,,Michoacán Sativa Landraces,,Haze Brothers Original Haze,,,,,,,,,,,,,,,,,
Cannatonic CBD,,,Shane,,,,,Reina Madre,,NYC Diesel,,,,,,,,,,,,,,,,,
Captain Krypt OG,,,,,,,,OG Kush,,Krypt,,,,,,,,,,,,,,,,,
Central African Sativa Landraces,Sativa dominant,Landrace,,,,,,Introduced Naturalised Sativa,,,,,,,,,,,,,,,,,,,
Champagne Kush,,,,,,,,Hindu Kush,,Hash Plant,,,,,,,,,,,,,,,,,
Cheese Quake,,,,,,,,UK Cheese,,Querkle ,,,,,,,,,,,,,,,,,
Chem Dog B,,,,,,,,Dogbud Bag Seed,,,,,,,,,,,,,,,,,,,
Chem’s Sister,,,,,,,,Dogbud Bag Seed,,,,,,,,,,,,,,,,,,,
Chemango Kush,,NZ Medical,Aurora,Aurora Whisper,,,,Driftwood Diesel,,Cyber Fuel OG,,,,,,,,,,,,,,,,,
ChemD BX2,,,,,,,,Chemdawg D,87.50%,Hindu Kush,12.50%,,,,,,,,,,,,,,,,
Chemdawg 4,,,,,,,,Dogbud Bag Seed,,,,,,,,,,,,,,,,,,,
Chemdawg 91,,,,,,,,Dogbud Bag Seed,,,,,,,,,,,,,,,,,,,
Chemdawg D,,,,,,,,Dogbud Bag Seed,,,,,,,,,,,,,,,,,,,
Cherry Pie,,,,,,,,Granddaddy Purple,,Durban Poison,,,,,,,,,,,,,,,,,
Cherry Runtz,,,,,,,,Cherry Pie,,Runtz,,,,,,,,,,,,,,,,,
Chocolate Diesel,,,,,,,,Sour Diesel,,Chocolate Thai Sativa Landraces,,,,,,,,,,,,,,,,,
Chocolate Fondue,,,,,,,,Chocolope,,UK Cheese,,,,,,,,,,,,,,,,,
Chocolate Thai Sativa Landraces,Sativa dominant,Landrace,,,,,,Original South Asian Sativa,,,,,,,,,,,,,,,,,,,
Chocolope,,,,,,,,Chocolate Thai Sativa Landraces,,Cannalope Haze,,,,,,,,,,,,,,,,,
Chronic,,,,,,,,Northern Lights,50.00%,Skunk #1,25.00%,AK-47,25.00%,,,,,,,,,,,,,,
Cinderella 99 ,,,,,C99; Cindy,,,Princess,93.75%,Shiva Skunk,6.25%,,,,,,,,,,,,,,,,
Citral ,,,,,,,,Pakistani Chitral Kush,,Super Skunk,,,,,,,,,,,,,,,,,
Citral #13,,,,,,,Citral ,,,,,,,,,,,,,,,,,,,,
Colombia Punto Rojo,,,,,,,Colombian Sativa Landraces,,,,,,,,,,,,,,,,,,,,
Colombian Gold,,,,,Santa Marta; Colombian,,Colombian Sativa Landraces,,,,,,,,,,,,,,,,,,,,
Colombian Sativa Landraces,Sativa dominant,Landrace,,,,,,Introduced Naturalised Sativa,,,,,,,,,,,,,,,,,,,
Congo #1,,,,,,,,Bangi Congo,50.00%,Congo #3,25.00%,Pakistani Chitral Kush,25.00%,,,,,,,,,,,,,,
Congo #3,,,,,,,Central African Sativa Landraces,,,,,,,,,,,,,,,,,,,,
Cookies N Cream,,,,,,,,Girl Scout Cookies,,Starfighter,,,,,,,,,,,,,,,,,
Cove,,NZ Medical,Kikuya,Kikuya Cove,,,,Girl Scout Cookies,,Gelato 41,,OG Kush,,,,,,,,,,,Australia,,"THC 19%, CBD <1%",,
Critical Kush,,,,,,,,OG Kush,,Critical Mass,,,,,,,,,,,,,,,,,
Critical Mass,,,,,,,,Skunk #1,,Afghan/Pakistan Indica Landraces,,,,,,,,,,,,,,,,,
Crystal Locomotive,,,,,,,,Trainwreck,,98 Aloha White Widow,,,,,,,,,,,,,,,,,
Cyber Fuel OG,,,,,,,,OG Kush,,Wedding Cake,,,,,,,,,,,,,,,,,
Dark Cross,,,,,,,,Gooey,50.00%,Zinn,25.00%,Lava,25.00%,,,,,,,,,,,,,,
Dark Desire,,,,,,,,Zinn,,84% Pure Gooey,,Double Deth,,,,,,,,,,,,,,,
Death Bubba,,,,,,,,Bubba Kush,,Death Star,,,,,,,,,,,,,,,,,
Death Fuel,,,,,,,,Death Bubba,,Jet Fuel G6,,,,,,,,,,,,,,,,,
Death Star,,,,,,,,Sensi Star,,Sour Diesel,,,,,,,,,,,,,,,,,
Delahaze,,ex NZ Medical,Aurora,Aurora Luminarium (discontinued),,,,Mango Haze,,Lemon Skunk,,,,,,,,,,,,,Canada,,"THC 22%, CBD <1%",,
Deth Grip,,,,,,,,Gooey,,GooThunder,,,,,,,,,,,,,,,,,
Diesel ,,,,,,,,Unknown Lineages,,,,,,,,,,,,,,,,,,,
DNL,,,,,Diesel Northern Lights,,,RFK Skunk Bag Seed,25.00%,Hawaiian Sativa Landraces,25.00%,Northern Lights,50.00%,,,,,,,,,,,,,,
Do-Si-Dos,,,,,,,,Girl Scout Cookies,,Face Off OG,,,,,,,,,,,,,,,,,
Dogbud Bag Seed,Indica dominant,Bag seed,,,,,,,,,,,,,,,,,,,,,,,,,
Double Bubble F1,,,,,,,,Double Dutch,,Bubblegum,,,,,,,,,,,,,,,,,
Double Dawg,,,,,,,,Chemdawg D,87.50%,Afghani #1,12.50%,,,,,,,,,,,,,,,,
Double Deth,,,,,,,,Gooey,,Deth Grip,,,,,,,,,,,,,,,,,
Double Dutch,,,,,,,,Chronic,,Warlock,,,,,,,,,,,,,,,,,
Dr Dream All Cure,,,,,,,,Unknown Lineages,,,,,,,,,,,,,,,,,,,
Driftwood Diesel,,,,,,,,GMO Cookies,,Fuel,,,,,,,,,,,,,,,,,
Duke,,NZ Medical,ANTG,ANTG Duke,,,,Rocky,,Kush Mints,,,,,,,,,,,,,,,"THC 22%, CBD <1%",,
Duke (2),,ex NZ Medical,Helius,Helius Dawn (discontinued),,,Reign,,,,,,,,,,,,,,,,Denmark,,,,
Durban Poison,,,,,,,South African Sativa Landraces,,,,,,,,,,,,,,,,,,,,
Early Girl,,,,,,,,Afghan/Pakistan Indica Landraces,37.50%,India Indica Landraces,37.50%,Mexico Sativa Landraces,25.00%,,,,,,,,,,,,,,
Early Misty,,,,,,,,Misty,,Early Skunk,,,,,,,,,,,,,,,,,
Early Pearl,,,,,,,,Early Girl,,Polyanna,,,,,,,,,,,,,,,,,
Early Skunk,,,,,,,,Early Pearl,,Skunk #1,,,,,,,,,,,,,,,,,
East African Sativa Landraces,Sativa dominant,Landrace,,,,,,Introduced Naturalised Sativa,,,,,,,,,,,,,,,,,,,
East Coast Sour Diesel,,,,,ECSD,,Sour Diesel,,,,,,,,,,,,,,,,,,,,
El Jefe,,,,,The Boss,,,Rare Dankness #1,,Abusive OG,,,,,,,,,,,,,,,"THC 25%, CBD <1%",,
Electric Grapefruit,,NZ Medical,Bloom,Bloom EGF,,,,Acapulco Gold,,Grapefruit Tangie,,,,,,,,,,,,,,,,,
Electric Honeydew ,,NZ Medical,Aurora,Aurora Big Wave ,,,,Girl Scout Cookies,,91 OG Krypt Melon,,,,,,,,,,,,,,,,,
Emerald Triangle,,,,,,,,Unknown Lineages,,,,,,,,,,,,,,,,,,,
Ethos Glue,,,,,,,,Black Fire F1,25.00%,Gorilla Glue #4,75.00%,,,,,,,,,,,,,,,,
Exodus Kush,,,,,,,,OG Kush,,UK Cheese,,,,,,,,,,,,,,,,,
F1,,,,,,,,Unknown Lineages,,,,,,,,,,,,,,,,,,,
F1 Durb,,,,,F1 Durban,,,F1,,Durban Poison,,,,,,,,,,,,,,,,,
Face Off OG,,,,,Faceoff OG Kush; Face Off,,,OG Kush,,,,,,,,,,,,,,,,,,,
Face On Fire,,,,,,,,White Fire,,Face Off OG,,,,,,,,,,,,,,,,,
Farm Gas,,NZ Medical,Aurora,Aurora Shimmer,,,,Sour Diesel,,GMO Cookies,,,,,,,,,,,,,,,,,
Fire Kush,,,,,Fire OG Kush; OG Kush Fire cut,,OG Kush,,,,,,,,,,,,,,,,,,,,
Fire OG,,NZ Medical,Adven,Adven Nighfall ,,,,OG Kush,,San Fernando Valley OG,,,,,,,,,,,,,,,,,
Florida Kush,,,,,Florida OG Kush,,OG Kush,,,,,,,,,,,,,,,,,,,,
Forum Cut Cookies,,,,,,,Girl Scout Cookies,,,,,,,,,,,,,,,,,,,,
French Toast ,,,,,,,,Paris OG,,Face On Fire,,,,,,,,,,,,,,,,,
Frosted Lemon Angel,,ex NZ Medical,Helius,Helius Dusk (discontinued),,,Frosted Lemon Cake,,,,,,,,,,,,,,,,Denmark,,"THC 25%, CBD <1%",,
Frosted Lemon Cake,,,,,,,,Lemon OG,,Sherbert,,,,,,,,,,,,,,,,,
Fuel,Unknown,Unknown,,,,,,,,,,,,,,,,,,,,,,,,,
G13,,,,,,,Afghan/Pakistan Indica Landraces,,,,,,,,,,,,,,,,,,,,
G13 Haze,,,,,,,,G13,,Hawaiian Sativa Landraces,,,,,,,,,,,,,,,,,
Galaxy Walker,,ex NZ Medical,Tilray,Tilray THC22 (GW) (discontinued),,,,OG Kush,,Skywalker,,,,,,,,,,,,,,,"THC 22%, CBD <1%",,
Gary Payton,,,,,,,,The Y,,Snowman,,,,,,,,,,,,,,,,,
Gastro Pop,,,shane,,,,,Grape Gasoline,,Apples & Bananas,,,,,,,,,,,,,,,,,
Gelato,,,,,,,,Thin Mint Girl Scout Cookies,,Sherbert,,,,,,,,,,,,,,,,,
Gelato 25 ,,,,,,,Gelato,,,,,,,,,,,,,,,,,,,,
Gelato 33,,,,,"Larry Bird, Larry Bird Kush",,Gelato,,,,,,,,,,,,,,,,,,,,
Gelato 41,,,,,,,Gelato,,,,,,,,,,,,,,,,,,,,
Gelato 42,,,,,,,Gelato,,,,,,,,,,,,,,,,,,,,
Gelato 45,,,,,,,Gelato,,,,,,,,,,,,,,,,,,,,
Gelatti,,,,,,,,Gelato 41,,Biscotti,,,,,,,,,,,,,,,,,
Genius ,,,,,,,Jack Herer,,,,,,,,,,,,,,,,,,,,
Ghost OG,,,,,,,OG Kush,,,,,,,,,,,,,,,ORGNKID ,,,,,
Ghost Train Haze,,,,,,,,Ghost OG,,Nevil's Wreck,,,,,,,,,,,,,,,,,
Girl Scout Cookies,,NZ Medical,Beacon Medical,Beacon GSC,GSC,,,F1 Durb,,OG Kush,,,,,,,,,,,,Jigga ,,,,,
GMO Cookies,,NZ Medical,Medleaf,Medleaf GSCx,"Garlic Cookies, GMO",,,Chemdawg D,,Forum Cut Cookies,,,,,,,,,,,,,,,,,
Golden Papaya,,,,,,,,Papaya,,Kosher Kush,,,,,,,,,,,,,,,,,
Golden Tiger,,,,,,,,Koh Chang Thai,,Hmong Thai,,Malawi,,,,,,,,,,,,,,,
Gooey,,,,,,,,Mexico Sativa Landraces,,Colombian Gold,,Thai Sativa Landraces,,Maui Wowie,,Cambodia Sativa Landraces,,,,,,,,,,,
GooeyRoc,,,,,,,,Gooey,,Rock Bud,,,,,,,,,,,,,,,,,
GooThunder,,,,,,,,Reeferman's Blue Thunder,,GooeyRoc,,,,,,,,,,,,,,,,,
Gorilla,,NZ Medical,Cannasouth,Cannasouth Cumulus/Calmana,,,Gorilla Glue,,,,,,,,,,,,,,,,New Zealand,Non-irradiated,"THC 17%, CBD <1%",,
Gorilla Glue,,,,,,,,Chem’s Sister,25.00%,Chocolate Diesel,50.00%,Sour Double,25.00%,,,,,,,,,,,,,,
Gorilla Glue #1,,,,,,,Gorilla Glue,,,,,,,,,,,,,,,,,,,,
Gorilla Glue #4,,NZ Medical,Medleaf,Medleaf GG#4,,,Gorilla Glue,,,,,,,,,,,,,,,,Canada,Non-irradiated,"THC 24%, CBD <1%",,
Granddaddy Purple,,,,,,,,Purple Urkle,,Big Bud,,,,,,,,,,,,,,,,,
Granite Haze,,,,,,,,Bear's Breath ,50.00%,Hubbabubbasmelloscope ,25.00%,Unknown Haze Strain,25.00%,,,,,,,,,,,,,,
Grape,,,,,,,,Granddaddy Purple,,OG Chem,,,,,,,,,,,,,,,,,
Grape Ape,,,,,,,,Mendocino Purps,,Afghan/Pakistan Indica Landraces,,Skunk #1,,,,,,,,,,,,,,,
Grape Dosidos,,,,,,,,Do-Si-Dos,,Grape Pie,,,,,,,,,,,,,,,,,
Grape Gasoline,,,,,,,,Grape Pie,,Jet Fuel Gelato,,,,,,,,,,,,,,,,,
Grape Pie,,,,,,,,Cherry Pie,,Grape Stomper,,,,,,,,,,,,,,,,,
Grape Stomper,,,,,Sour Grapes,,,Sour Chem,,Purple Elephant,,,,,,,,,,,,,,,,,
Grapefruit,,,,,,,,Cinderella 99 ,,Thai Sativa Landraces,,,,,,,,,,,,,,,,,
Grapefruit Tangie,,,,,,,,Tangie,,Grapefruit,,,,,,,,,,,,,,,,,
Green Crack,,,,,,,Skunk #1,,,,,,,,,,,,,,,,,,,,
Green Gelato,,NZ Medical,Kikuya,Kikuya Dune,,,,Thin Mint Girl Scout Cookies,,Sherbert,,,,,,,,,,,,,Australia,,"THC 19%, CBD <1%",,
Green Haze,,,,,,,Haze,,,,,,,,,,,,,,,,,,,,
Green Love Potion,,,,,,,,Black Domina,,Lavender,,,,,,,,,,,,,,,,,
Green Poison,,,,,,,,Skunk #1,,Early Skunk,,,,,,,,,,,,,,,,,
Hash Plant,,,,,,,,Original Hash Plant,75.00%,Northern Lights #1,25.00%,,,,,,,,,,,,,,,,
Hawaiian Sativa Landraces,Sativa dominant,Landrace,,,,,,Introduced Naturalised Sativa,,,,,,,,,,,,,,,,,,,
Haze,,,,,,,,Haze Brothers Original Haze,,,,,,,,,,,,,,,,,,,
Haze Brothers Original Haze,Sativa dominant,Unknown,,,,,,,,,,,,,,,,,,,,,,,,,
Headband,,,,,,,,OG Kush,,Sour Diesel,,,,,,,,,,,,,,,,,
Headstash,,,,,,,,Cherry Pie,12.50%,Karmarado OG,25.00%,Girl Scout Cookies,12.50%,Biker Kush,50.00%,,,,,,,,,,,,
Hell's Angels OG,,,,,,,,OG Kush,,Blackberry,,,,,,,,,,,,,,,,,
Herojuana ,,,,,,,,Petrolia Headstash ,,Killer New Haven,,,,,,,,,,,,,,,,,
Hi-Octane,,,,,High Octane,,,Octane ,,Sherbert,,,,,,,,,,,,,,,,,
High Country Diesel,,,,,,,,Original Diesel,,East Coast Sour Diesel,,,,,,,,,,,,,,,,,
Hindu Kush,,,,,,,Hindu Kush Landraces,,,,,,,,,,,,,,,,,,,,
Hindu Kush Landraces,Indica dominant,Landrace,,,,,,Original Central Asian Indica,,,,,,,,,,,,,,,,,,,
Hmong Thai,,,,,,,Thai Sativa Landraces,,,,,,,,,,,,,,,,,,,,
Holy Banana,,,,,,,,Banana,,Big Sur Holy Weed,,,,,,,,,,,,,,,,,
Honey Boo Boo,,,,,,,,Bubba Kush,,Captain Krypt OG,,,,,,,,,,,,,,,,,
Honeydew,,,,,,,,Appalachia ,,Super Silver Haze,,,,,,,,,,,,,,,,,
Horchata,,,,,,,,Mochi ,,Jet Fuel Gelato,,,,,,,,,,,,,,,,,
Hubbabubbasmelloscope ,,,,,Hubba Bubba Smelloscope,,,Bubblegum,,Unknown Indica Strain 5,,,,,,,,,,,,,,,,,
Huckleberry,,NZ Medical,Adven,Adven Daybreak,Ackleberry,,,Honey Boo Boo,,Tangie,,,,,,,,,,,,,,,,,
I-95,,,,,,,,Triangle Kush,50.00%,Legend OG,25.00%,Stardawg ,25.00%,,,,,,,,,,,,,,
Ice,,,,,,,,Skunk #1,,Afghan/Pakistan Indica Landraces,,Northern Lights,,Shiva,,,,,,,,,,,,,
Ice #2,,,,,,,Ice,,,,,,,,,,,,,,,,,,,,
Ice Cream Cake,,,,,,,,Wedding Cake,,Gelato 33,,,,,,,,,,,,,,,,,
India Indica Landraces,Indica dominant,Landrace,,,,,,Original Central Asian Indica,,,,,,,,,,,,,,,,,,,
Indiana Bubble Gum,,,,,Indiana Bubblegum,,,Afghan/Pakistan Indica Landraces,,Mexico Sativa Landraces,,Colombian Sativa Landraces,,Unknown Sativa Strain 3,,,,,,,,,,,,,
Indonesia Sativa Landraces,Sativa dominant,Landrace,,,,,,Original South Asian Sativa,,,,,,,,,,,,,,,,,,,
Introduced Naturalised Indica,Indica dominant,Origin,,,,,,,,,,,,,,,,,,,,,,,,,
Introduced Naturalised Ruderalis,Ruderalis dominant,Origin,,,,,,,,,,,,,,,,,,,,,,,,,
Introduced Naturalised Sativa,Sativa dominant,Origin,,,,,,,,,,,,,,,,,,,,,,,,,
Island Sweet Skunk,,ex NZ Medical,Tilray,Tilray THC25 (ISS) (discontinued),,,,Sweet Skunk,,Skunk #1,,,,,,,,,,,,,,,"THC 25%, CBD <1%",,
J1,,,,,,,,Jack Herer,,Skunk #1,,,,,,,,,,,,,,,,,
Jack Frost,,,,,,,,Rainbow Kashmiri,50.00%,Jack Herer,16.66%,White Widow,16.66%,Northern Lights #5,16.68%,,,,,,,,,,,,
Jack Haze,,,,,,,,Jack Herer,,Haze,,,,,,,,,,,,,,,,,
Jack Herer,,,,,,,,Haze,50.00%,Northern Lights #5,25.00%,Shiva Skunk,25.00%,,,,,,,,,,,,,,
Jamaican Sativa Landraces,Sativa dominant,Landrace,,,,,,Introduced Naturalised Sativa,,,,,,,,,,,,,,,,,,,
Jealousy ,,,,,,,,Gelato 41,,Sherb BX1 ,,,,,,,,,,,,,,,,,
Jean Guy,,,,,,,White Widow,,,,,,,,,,,,,,,,,,,,
Jet Fuel G6,,,,,,,,Aspen OG,,High Country Diesel,,,,,,,,,,,,,,,,,
Jet Fuel Gelato,,NZ Medical,Bloom,Bloom JFG,JetLatto,,,Jet Fuel G6,25.00%,Hi-Octane,25.00%,Gelato 45,50.00%,,,,,,,,,,,,,,
Jillybean,,,,,Jilly Bean,,,Space Queen,,Orange Velvet,,,,,,,,,,,,,,,,,
Joseph OG,,,,,Joseph,,,Underdog OG (Gage Green),,Unknown Male 2,,,,,,,,,,,,,,,,,
Juicy Fruit,,,,,Fruity Juice,,,Thai Sativa Landraces,,Afghan/Pakistan Indica Landraces,,,,,,,,,,,,,,,,,
Kali Mist,,,,,,,,Cambodia Sativa Landraces,,Afghan/Pakistan Indica Landraces,,Colombian Sativa Landraces,,Thai Sativa Landraces,,,,,,,,,,,,,
Karma OG,,,,,,,,Biker Kush,,OG 17,,,,,,,,,,,,,,,,,
Karmarado OG,,,,,,,,Triangle Kush,37.50%,San Fernando Valley OG Kush,37.50%,White OG,25.00%,,,,,,,,,,,,,,
Kashmir Sativa Landraces,Sativa dominant,Landrace,,,,,,Original South Asian Sativa,,,,,,,,,,,,,,,,,,,
Kazakhstan Ruderalis,,,,,,,Ruderalis Landraces,,,,,,,,,,,,,,,,,,,,
Kerala Indica,,,,,,,India Indica Landraces,,,,,,,,,,,,,,,,,,,,
Kilimanjaro,,,,,,,East African Sativa Landraces,,,,,,,,,,,,,,,,,,,,
Killer New Haven,,,,,KNH,,,Unknown Indica Lineages,,,,,,,,,,,,,,,,,,,
Kodiak Gold,,,,,KG,,,Unknown Lineages,,,,,,,,,,,,,,,,,,,
Kodiak Lavender,,,,,,,Kodiak Gold,,,,,,,,,,,,,,,,,,,,
Koh Chang Thai,,,,,,,Thai Sativa Landraces,,,,,,,,,,,,,,,,,,,,
Kosher Kush,,,,,Jew Gold,,,OG Kush,,,,,,,,,,,,,,,,,,,
Krypt,,,,,,,,Unknown Lineages,,,,,,,,,,,,,,,,,,,
Kush Mints,,,,,Kush Mintz,,,Bubba Kush,,Animal Mints,,,,,,,,,,,,,,,,,
La Réunion,Sativa dominant,,,,,,East African Sativa Landraces,,,,,,,,,,,,,,,,,,,,
Lamb’s Bread ,,,,,Lamb's Breath,,Jamaican Sativa Landraces,,,,,,,,,,,,,,,,,,,,
Larry OG,,,,,,,,OG Kush,,San Fernando Valley OG,,,,,,,,,,,,,,,,,
Larry OG F7,,,,,,,Larry OG,,,,,,,,,,,,,,,,,,,,
Las Vegas,,,,,,,,San Fernando Valley OG Kush,,Skunk #1,,,,,,,,,,,,,,,,,
Las Vegas Lemon Skunk,,,,,,,Skunk #1,,,,,,,,,,,,,,,,,,,,
Las Vegas Purple Kush,,,,,LVPK,,,Hindu Kush Landraces,,Purple Afghan Indica Landraces,,,,,,,,,,,,,,,,,
Lava,,,,,,,,Thai Sativa Landraces,,Gooey,,Purple Empress,,,,,,,,,,,,,,,
Lavender,,,,,Soma #10,,,Super Skunk,,Big Skunk Korean,,Afghan/Pakistan Indica Landraces,,Hawaiian Sativa Landraces,,,,,,,,,,,,,
Legend OG,,,,,,,OG Kush,,,,,,,,,,,,,,,,,,,,
Legendary Larry,,NZ Medical,Medleaf,Medleaf LL Kush,,,,Legend OG,,Larry OG F7,,,,,,,,,,,,,Canada,Non-irradiated,"THC 23%, CBD <1%",,
Lemon Alien Dawg,,,,,LAD,,,Alien Dawg,,Lemon Kush (Alien Genetics),,,,,,,,,,,,,,,,,
Lemon Amnesia,,,,,,,,Lemon G,,Memory Loss,,,,,,,,,,,,,,,,,
Lemon Cherry Gelato,,,,,,,,Sherbert,25.00%,Thin Mint Girl Scout Cookies,25.00%,Lemon Haze,50.00%,,,,,,,,,,,,,,
Lemon G,,,,,,,,G13,,Early Misty,,,,,,,,,,,,,,,,,
Lemon Haze,,,,,,,,Lemon Skunk,,Silver Haze,,,,,,,,,,,,,,,,,
Lemon Joy,,,,,,,,Master Kush,,Lemon Haze,,,,,,,,,,,,,,,,,
Lemon Kush,,,,,Cali Lemon Kush,,,Master Kush,,Lemon Joy,,,,,,,,,,,,,,,,,
Lemon Kush (Alien Genetics),,,,,Alien Genetics Lemon Kush,,,Lemon G,,Afghan/Pakistan Indica Landraces,,,,,,,,,,,,,,,,,
Lemon OG,,,,,,,,The OG #18,,Las Vegas Lemon Skunk,,,,,,,,,,,,,,,,,
Lemon Rocket,,,,,,,,Fuel,,Wedding Cake,,,,,,,,,,,,,,,,,
Lemon Skunk,,,,,,,,Skunk #1,,Las Vegas Lemon Skunk,,,,,,,,,,,,,,,,,
Lemon Splash,,,Shane,,,,,Lemon Tree,,Horchata,,,,,,,,,,,,,,,,,
Lemon Thai,,,,,,,,Thai Sativa Landraces,,Hawaiian Sativa Landraces,,,,,,,,,,,,,,,,,
Lemon Tree,,,,,,,,Lemon Skunk,,East Coast Sour Diesel,,,,,,,,,,,,,,,,,
Lost Coast OG,,,,,,,,Chemdawg 4,50.00%,Pakistani Kush,25.00%,Lemon Thai,25.00%,,,,,,,,,,,,,,
Lowryder,,,,,,,,Northern Lights #2,25.00%,William’s Wonder ,50.00%,Mexican Rudy,25.00%,,,,,,,,,,,,,,
Lucifer OG,,,,,,,,Hell's Angels OG,,San Fernando Valley OG Kush,,,,,,,,,,,,,,,,,
Malawi,,,,,,,East African Sativa Landraces,,,,,,,,,,,,,,,,,,,,
Malawi Gold,,,,,,,East African Sativa Landraces,,,,,,,,,,,,,,,,,,,,
Mandarin Cookies ,,,,,,,,Forum Cut Cookies,,Mandarin Sunset,,,,,,,,,,,,,,,,,
Mandarin Sunset,,,,,,,,Orange Skunk,,Herojuana ,,,,,,,,,,,,,,,,,
Mandarin Zkittlez,,,,,,,,Mandarin Sunset,,California Black Rozé,,,,,,,,,,,,,,,,,
Mango Haze,,,,,,,,Northern Lights #5,25.00%,Skunk #1,25.00%,Haze,50.00%,,,,,,,,,,,,,,
Marionberry ,,,,,,,,Raspberry Kush,,Space Queen,,,,,,,,,,,,,,,,,
Mass Super Skunk,,,,,,,Super Skunk,,,,,,,,,,,,,,,,,,,,
Master Kush,,,,,,,,Hindu Kush Landraces,,,,,,,,,,,,,,,,,,,
Maui Wowie,,,,,Maui Waui; Mowie Wowie,,Hawaiian Sativa Landraces,,,,,,,,,,,,,,,,,,,,
Mazar,,,,,Afghan Skunk,,,Mazar I Sharif,,Skunk #1,,,,,,,,,,,,,,,,,
Mazar I Sharif,,,,,,,Afghan/Pakistan Indica Landraces,,,,,,,,,,,,,,,,,,,,
Melon OG,,,,,,,,Captain Krypt OG,,Chemdawg 91,,,,,,,,,,,,,,,,,
Memory Loss,,,,,,,,Amnesia Haze,,Face Off OG,,,,,,,,,,,,,,,,,
Mendo Breath,,,,,,,,OG Kush Breath,,Mendo Montage ,,,,,,,,,,,,,,,,,
Mendo Montage ,,,,,,,,Mendocino Purps,,Crystal Locomotive,,,,,,,,,,,,,,,,,
Mendocino Purps,,ex NZ Medical,Tilray,Tilray THC22 (PM) (discontinued),Mendo Purps; Purple Mendocino,,,North American Indica Landraces,,,,,,,,,,,,,,,,,,,
Mexican Rudy,,,,,,,,Mexico Sativa Landraces,50.01%,Russian Ruderalis Landraces,49.99%,,,,,,,,,,,,,,,,
Mexico Sativa Landraces,Sativa dominant,Landrace,,,,,,Introduced Naturalised Sativa,,,,,,,,,,,,,,,,,,,
Michoacán Sativa Landraces,Sativa dominant,,,,,,Mexico Sativa Landraces,,,,,,,,,,,,,,,,,,,,
Miracle 15,,,,,,,,Colombian Gold,,Starfighter,,,,,,,,,,,,Capulator,,,,,
Miracle Alien Cookies,,NZ Medical,Medleaf,Medleaf MAC1,,,,Alien Cookies,,Miracle 15,,,,,,,,,,,,Capulator,Canada,Non-irradiated,,,
Misty,,,,,,,,Brazil Sativa Landraces,,India Indica Landraces,,,,,,,,,,,,,,,,,
MK Ultra,,,,,,,,G13,,OG Kush,,,,,,,,,,,,,,,,,
Mochi ,,,,,Mochi Gelato; Gelato #47,,Gelato,,,,,,,,,,,,,,,,,,,,
Mokums Tulip,,ex NZ Medical,Helius,Helius Oral Spray (discontinued),,,,Gelato,,Sherbert,,,,,,,,,,,,,,,,,
Moroccan,,,,,,,North African Sativa Landraces,,,,,,,,,,,,,,,,,,,,
Mystery Hermaphrodite,Unknown,Unknown,,,,,,,,,,,,,,,,,,,,,,,,,
Nepalese Indica Landraces,Indica dominant,Landrace,,,,,,Original Central Asian Indica,,,,,,,,,,,,,,,,,,,
Nevil's Haze,,,,,,,,Haze,75.00%,Northern Lights #5,25.00%,,,,,,,,,,,,,,,,
Nevil's Wreck,,,,,,,,Trainwreck,,Nevil's Haze,,,,,,,,,,,,,,,,,
Night Rider,,,,,,,,I-95,,Stardawg ,,,,,,,,,,,,,,,,,
North African Sativa Landraces,Sativa dominant,Landrace,,,,,,Introduced Naturalised Sativa,,,,,,,,,,,,,,,,,,,
North American Indica Landraces,Indica dominant,Landrace,,,,,,Introduced Naturalised Indica,,,,,,,,,,,,,,,,,,,
Northern Berry,,,,,,,,Blueberry,,Northern Lights #5,,,,,,,,,,,,,,,,,
Northern Lights,,,,,,,,Afghan/Pakistan Indica Landraces,,Thai Sativa Landraces,,,,,,,,,,,,,,,,,
Northern Lights #1,,,,,,,,Afghan/Pakistan Indica Landraces,,,,,,,,,,,,,,,,,,,
Northern Lights #2,,,,,,,,Hindu Kush Landraces,,,,,,,,,,,,,,,,,,,
Northern Lights #5,,,,,,,Northern Lights,,,,,,,,,,,,,,,,,,,,
NYC Diesel,,,,,,,,Diesel ,,Afghani Hawaiian,,,,,,,,,,,,,,,,,
Octane ,,,,,,,,Unknown Lineages,,,,,,,,,,,,,,,,,,,
OG 17,,,,,,,OG Kush,,,,,,,,,,,,,,,,,,,,
OG Chem,,,,,,,,OG Kush,,Chemdawg 91,,,,,,,,,,,,,,,,,
OG Eddy Lepp,,,,,,,,OG Kush,,Grape Ape,,,,,,,,,,,,,,,,,
OG Kush,,NZ Medical,ANTG,ANTG Mariposa,,,,Emerald Triangle,,Hindu Kush,,,,,,,,,,,,,Australia,,"THC 13%, CBD <1%",,
OG Kush Breath,,,,,,,Girl Scout Cookies,,,,,,,,,,,,,,,,,,,,
OMG,,,,,,,,GMO Cookies,,Kush Mints,,,,,,,,,,,,,,,,,
Orange Cookies,,,,,,,,Girl Scout Cookies,,Orange Juice,,,,,,,,,,,,,,,,,
Orange Juice,,,,,OJ Kush,,,OG Kush,25.00%,California Orange,25.00%,Joseph OG,50.00%,,,,,,,,,,,,,,
Orange Kush Cake,,ex NZ Medical,Medleaf,Medleaf Orange Kush C (discontinued),,,,Mandarin Cookies ,50.00%,Triangle Kush,25.00%,Wedding Cake,12.50%,Jillybean,12.50%,,,,,,,,,,"THC 21%, CBD <1%",,
Orange Skunk,,,,,The Original Californian Orange Skunk,,,California Orange,,Skunk #1,,,,,,,,,,,,,,,,,
Orange Velvet,,,,,Melvin,,,Orange Skunk,,Unknown Pacific Northwest Strain,,,,,,,,,,,,,,,,,
Oreoz,,,,,,,,Cookies N Cream,,Secret Weapon ,,,,,,,,,,,,,,,,,
Original Central Asian Indica,Indica dominant,Origin,,,,,,,,,,,,,,,,,,,,,,,,,
Original Central Asian Ruderalis ,Ruderalis dominant,Origin,,,,,,,,,,,,,,,,,,,,,,,,,
Original Diesel,,,,,,,,Chemdawg 91,50.00%,Mass Super Skunk,25.00%,Northern Lights,25.00%,,,,,,,,,,,,,,
Original Hash Plant,,,,,,,Afghan/Pakistan Indica Landraces,,,,,,,,,,,,,,,,,,,,
Original South Asian Sativa,Sativa dominant,Origin,,,,,,,,,,,,,,,,,,,,,,,,,
Ortega,,,,,,,,Northern Lights #5,,Northern Lights #1,,,,,,,,,,,,,,,,,
Oz Kush,,,,,,,,Zkittlez,,OG Eddy Lepp,,,,,,,,,,,,,,,,,
Pakistani Chitral Kush,,,,,,,Afghan/Pakistan Indica Landraces,,,,,,,,,,,,,,,,,,,,
Pakistani Kush,,,,,,,Afghan/Pakistan Indica Landraces,,,,,,,,,,,,,,,,,,,,
Panama Dragon,,,,,,,,Breath of Purple Dragon,,Panama Red,,,,,,,,,,,,,,,,,
Panama Red,,,,,,,Panama Sativa Landraces,,,,,,,,,,,,,,,,,,,,
Panama Sativa Landraces,Sativa dominant,Landrace,,,,,,Introduced Naturalised Sativa,,,,,,,,,,,,,,,,,,,
Papaya,,,,,,,,Citral #13,,Ice #2,,,,,,,,,,,,,,,,,
Paris OG,,,,,Perris OG,,,Headband,,Lemon OG,,,,,,,,,,,,,,,,,
Peach Ozz,,,,,,,,Oz Kush,,Peach Ringz,,,,,,,,,,,,,,,,,
Peach Ringz,,,,,,,,Marionberry ,,OG Eddy Lepp,,,,,,,,,,,,,,,,,
Petrolia Headstash ,,,,,,,Afghan/Pakistan Indica Landraces,,,,,,,,,,,,,,,,,,,,
Pineapple Express,,,,,,,,Hawaiian Sativa Landraces,,Trainwreck,,,,,,,,,,,,,,,,,
Pineapple Express (G13 Labs),,,,,,,,Big Bud,,The Real McCoy,,,,,,,,,,,,,,,,,
Pineapple Express #2,,,,,,,,Pineapple Express (G13 Labs),,Skunk #1,,,,,,,,,,,,,,,,,
Pink Diesel,,NZ Medical,Aurora,Aurora Sirius,,,,Driftwood Diesel,,Pink Kush,,,,,,,,,,,,,,,,,
Pink Kush,,ex NZ Medical,Aurora,Aurora Sedaprem (discontinued); Beacon Pink Kush; Bloom Pink Kush,Sedaprem,,OG Kush,,,,,,,,,,,,,,,,Canada,,"THC 21%, CBD <1%",,
Pink Panties,,,,,,,,Florida Kush,75.00%,Burmese Sativa Landraces,25.00%,,,,,,,,,,,,,,,,
Plantman Jack,,,,,Plantman Jack Herer,,Jack Herer,,,,,,,,,,,,,,,,,,,,
Platinum Girl Scout Cookies,,,,,,,Girl Scout Cookies,,,,,,,,,,,,,,,,,,,,
Polyanna,,,,,,,,Mexico Sativa Landraces,,Colombian Sativa Landraces,,,,,,,,,,,,,,,,,
Powdered Donuts,,NZ Medical,Tilray,Tilray T22 (Powdered Donuts),,,,Jet Fuel Gelato,,Orange Cookies,,,,,,,,,,,,,,,,,
Power Plant,,,,,,,South African Sativa Landraces,,,,,,,,,,,,,,,,,,,,
Princess,,,,,,,,Jack Herer,,Unknown Male ,,,,,,,,,,,,,,,,,
Pure Michigan,,,,,,,,Oreoz,,Mendo Breath,,,,,,,,,,,,,,,,,
Purple Afghan Indica Landraces,Indica dominant,Landrace,,,,,,Original Central Asian Indica,,,,,,,,,,,,,,,,,,,
Purple Alien Kush,,,,,,,,Las Vegas Purple Kush,,Alien Dawg,,,,,,,,,,,,,,,,,
Purple Elephant,,,,,,,,Purple Urkle,,Unknown Strain 10,,,,,,,,,,,,,,,,,
Purple Empress,,,,,,,,African Purple,,Unknown Indica Strain 3,,,,,,,,,,,,,,,,,
Purple Haze,,,,,,,Haze Brothers Original Haze,,,,,,,,,,,,,,,,,,,,
Purple Kush,,,,,,,,Hindu Kush,,Purple Afghan Indica Landraces,,,,,,,,,,,,,,,,,
Purple Mayhem,,,,,,,,Dark Desire,,Dark Cross,,,,,,,,,,,,,,,,,
Purple Pakistani Kush,,,,,,,,Pakistani Chitral Kush,,Purple Kush,,,,,,,,,,,,,,,,,
Purple Punch,,,,,,,,Granddaddy Purple,,Larry OG,,,,,,,,,,,,,,,,,
Purple Skunk,,,,,,,,Skunk #1,,Unknown Purple Strain,,,,,,,,,,,,,,,,,
Purple Thai Sativa Landraces,Sativa dominant,Landrace,,,,,,Original South Asian Sativa,,,,,,,,,,,,,,,,,,,
Purple Urkle,,,,,,,Mendocino Purps,,,,,,,,,,,,,,,,,,,,
Querkle ,,,,,,,,Space Queen,,Purple Urkle,,,,,,,,,,,,,,,,,
Rainbow Kashmiri,,,,,,,Kashmir Sativa Landraces,,,,,,,,,,,,,,,,,,,,
Rainbow Sherbert ,,,,,,,,Blackberry,,Champagne Kush,,,,,,,,,,,,,,,,,
Rare Dankness #1,,,,,,,,Ghost OG,18.75%,Chemdawg 91,6.25%,Triangle Kush,75.00%,,,,,,,,,,,,,,
Raspberry Cough,,,,,,,,Cambodia Sativa Landraces,,Ice,,,,,,,,,,,,,,,,,
Raspberry Kush,,,,,,,Hindu Kush Landraces,,,,,,,,,,,,,,,,,,,,
Red Poison,,,,,,,,Green Poison,,Purple Pakistani Kush,,,,,,,,,,,,,,,,,
Reeferman's Blue Thunder,,,,,,,,Blueberry Sativa,,Kodiak Lavender,,,,,,,,,,,,,,,,,
Reign,,,,,,,,Unknown Lineages,,,,,,,,,,,,,,,Denmark,,,,
Reign Man,,,,,,,,Gary Payton,,Stuffed French Toast,,,,,,,,,,,,,,,,,
Reina Madre,,,,,Queen Mother,,,Unknown Spanish Sativa,25.00%,Congo #1,25.00%,La Réunion,50.00%,,,,,,,,,,,,,,
RFK Skunk Bag Seed,Unknown,Bag seed,,,,,,,,,,,,,,,,,,,,,,,,,
Rock Bud,,,,,,,,Super Skunk,,Big Skunk Korean,,Afghani Hawaiian,,Afghan/Pakistan Indica Landraces,,,,,,,,,,,,,
Rocky,,NZ Medical,ANTG,ANTG Rocky,,,El Jefe,,,,,,,,,,,,,,,,Australia,,,,
Romulan ,,,,,,,,North American Indica Landraces,,,,,,,,,,,,,,,,,,,
Royal Moby,,NZ Medical,Kikuya,Kikuya Arroyo,,,,White Widow,,Haze,,,,,,,,,,,,,Australia,,"THC 20%, CBD <1%",,
Rozé,,,,,Roz; Roze,,,Zkittlez,,Mystery Hermaphrodite,,,,,,,,,,,,,,,,,
Ruderalis Landraces,Ruderalis dominant,Landrace,,,,,,Original Central Asian Ruderalis ,,,,,,,,,,,,,,,,,,,
Runtz,,,,,Runtz OG,,,Zkittlez,,Gelato 33,,,,,,,,,,,,,,,,,
Runtz Mintz,,NZ Medical,Medleaf,Medleaf Runtz M,,,,Peach Ozz,12.50%,Kush Mints,25.00%,Gelatti,12.50%,Runtz,50.00%,,,,,,,,Canada,Non-irradiated,,,
Russian Ruderalis Landraces,Ruderalis dominant,,,,,,Ruderalis Landraces,,,,,,,,,,,,,,,,,,,,
Sagarmatha 60/40,Indica dominant,Bag seed,,,,,,,,,,,,,,,,,,,,,,,,,
San Fernando Valley OG,,,,,SFV OG,,OG Kush,,,,,,,,,,,,,,,Swerve,,,,,
San Fernando Valley OG Kush,,,,,SFV OG Kush,,,San Fernando Valley OG,,Afghan/Pakistan Indica Landraces,,,,,,,,,,,,,,,,,
Sangria ,,,,,,,,Querkle ,,Vintner's Moonshine,,,,,,,,,,,,,,,,,
Secret Weapon ,,,,,,,,White Widow,,Cheese Quake,,,,,,,,,,,,,,,,,
Sensi Star,,,,,,,,Afghan/Pakistan Indica Landraces,,Skunk #1,,,,,,,,,,,,,,,,,
Sherb BX1 ,,,,,,,,Sherbert,75.00%,Animal Cookies Bx2,25.00%,,,,,,,,,,created as a backcross of the infamous Sherbet strain,,,,,,
Sherb Cream Pie,,,,,,,,Ice Cream Cake,,Sherb BX1 ,,,,,,,,,,,,,,,,,
Sherbert,,,,,Sunset Sherbert,,,Pink Panties,,Girl Scout Cookies,,,,,,,,,,,,,,,,,
Shishkaberry,,ex NZ Medical,Medleaf,Medleaf Shishkaberry (discontinued),,,,Blueberry,25.00%,Afghani Hawaiian,75.00%,,,,,,,,,,,,,,"THC 15%, CBD <1%",,
Shiva,,,,,,,,India Indica Landraces,,,,,,,,,,,,,,,,,,,
Shiva Skunk,,,,,,,,Northern Lights #5,,Skunk #1,,,,,,,,,,,,,,,,,
Siberian Ruderalis ,,,,,,,Ruderalis Landraces,,,,,,,,,,,,,,,,,,,,
Silver Haze,,,,,,,,Silver Pearl,,Haze,,,,,,,,,,,,,,,,,
Silver Pearl,,,,,,,,Skunk #1,25.00%,Northern Lights #5,50.00%,Early Pearl,25.00%,,,,,,,,,,,,,,
SinMint Cookies,,,,,SinMint,,,Girl Scout Cookies,,Blue Power,,,,,,,,,,,,,,,,,
Skunk #1,,,,,,,,Acapulco Gold,25.00%,Colombian Gold,50.00%,Afghan/Pakistan Indica Landraces,25.00%,,,,,,,,,,,,,,
Skunk Haze,,,,,,,,Skunk #1,,Haze,,,,,,,,,,,,,,,,,
Skywalker,,,,,,,,Blueberry,,Mazar,,,,,,,,,,,,,,,,,
Snowman,,,,,,,Girl Scout Cookies,,,,,,,,,,,,,,,,,,,,
Sour Bubble,,,,,,,BOGBubble,,,,,,,,,,,,,,,,,,,,
Sour Candy,,,,,,,,Sour Diesel,,Bubblegum,,,,,,,,,,,,,,,,,
Sour Chem,,,,,Chemdawg Sour Diesel,,,Headband,25.00%,Sour Diesel,75.00%,,,,,,,,,,,,,,,,
Sour Cream ,,,,,,,,Sour Diesel,,G13 Haze,,,,,,,,,,,,,,,,,
Sour Diesel,,,,,,,,Original Diesel,,DNL,,,,,,,,,,,,,,,,,
Sour Double,,,,,Sour Dubb,,,East Coast Sour Diesel,,Sour Bubble,,,,,,,,,,,,,,,,,
Sour Florida OG,,,,,,,,Chemdawg 91,50.00%,Lemon Thai,25.00%,Hindu Kush Landraces,25.00%,,,,,,,,,,,,,,
Sour Tangie,,,,,,,,East Coast Sour Diesel,,Tangie,,,,,,,,,,,,,,,,,
Sourdough ,,NZ Medical,Aurora ,Aurora Night Ride,,,,Sour Diesel,,Wedding Cake,,,,,,,,,,,,,,,,,
Sourdough Kush,,,,,,,,Girl Scout Cookies,,OG Kush,,Sour Diesel,,,,,,,,,,,,,,,
South African Sativa Landraces,Sativa dominant,Landrace,,,,,,Introduced Naturalised Sativa,,,,,,,,,,,,,,,,,,,
South India Sativa Landraces,Sativa dominant,Landrace,,,,,,Original South Asian Sativa,,,,,,,,,,,,,,,,,,,
Space Queen,,,,,,,,Romulan ,,Cinderella 99 ,,,,,,,,,,,,,,,,,
Stardawg ,,,,,,,,Chemdawg 4,,Tres Dawg,,,,,,,,,,,,,,,,,
Starfighter,,,,,,,,Tahoe Alien,,Lemon Alien Dawg,,,,,,,,,,,,,,,,,
Stonefruit Sunset,,,,,,,,Fuel,,Gelato,,,,,,,,,,,,,,,,,
Strawberry Banana,,,,,,,,Banana Kush,,Bubblegum,,,,,,,,,,,,,New Zealand,,"THC 25%, CBD <1%",,
Strawberry Cough,,,,,,,,Haze,,Strawberry Fields,,,,,,,,,,,,,,,,,
Strawberry Diesel,,,,,,,,NYC Diesel,,Strawberry Cough,,,,,,,,,,,,,,,,,
Strawberry Fields,,,,,,,,Unknown Lineages,,,,,,,,,,,,,,,,,,,
Strawberry Fields (Crockett Family Farms),,,,,,,,Tangie,,Strawberry Banana,,,,,,,,,,,,,,,,,
Strawberry Kush ,,NZ Medical,Kikuya,Kikuya Peak,,,,Strawberry Cough,,OG Kush,,,,,,,,,,,,,,,,,
Stuffed French Toast,,,,,,,,Paris OG,,Cookies N Cream,,,,,,,,,,,,,,,,,
Super Silver Haze,,,,,,,,Skunk #1,25.00%,Northern Lights #5,25.00%,Haze,50.00%,,,,,,,,,,,,,,
Super Skunk,,,,,,,,Afghan/Pakistan Indica Landraces,,Skunk #1,,,,,,,,,,,,,,,,,
Superglue,,,,,,,,Afghan/Pakistan Indica Landraces,,Northern Lights,,,,,,,,,,,,,,,,,
Sweet Pink Grapefruit,,,,,,,,Northern Lights #1,,,,,,,,,,,,,,,,,,,
Sweet Skunk,,,,,,,,Sweet Pink Grapefruit,50.00%,Northern Lights,25.00%,Haze,25.00%,,,,,,,,,,,,,,
Tahoe Alien,,,,,,,,Tahoe OG Kush,,Alien Kush,,,,,,,,,,,,,,,,,
Tahoe OG Kush,,,,,Tahoe,,OG Kush,,,,,,,,,,,,,,,Swerve,,,,,
Tange Chem,,NZ Medical,ANTG,ANTG Solace,,,,Tangie,,Chemdawg 91,,,,,,,,,,,,,Australia,,"THC 20%, CBD <1%",,
Tangie,,,,,,,,Skunk #1,,California Orange,,,,,,,,,,,,,,,,,
Tango Jack,,,,,,,,Jack Herer,,Unknown Indica Strain 1,,,,,,,,,,,,,,,,,
Thai Sativa Landraces,Sativa dominant,Landrace,,,Thai Stick; Thai,,,Original South Asian Sativa,,,,,,,,,,,,,,,,,,,
Thailand Indica Landraces,Indica dominant,Landrace,,,,,,Original Central Asian Indica,,,,,,,,,,,,,,,,,,,
The OG #18,,,,,,,OG Kush,,,,,,,,,,,,,,,,,,,,
The Real McCoy,,,,,Hawaiian Skunk,,,Hawaiian Sativa Landraces,,Skunk #1,,,,,,,,,,,,,,,,,
The Red,,,,,,,,Panama Red,,Colombian Gold,,,,,,,,,,,,,,,,,
The Truth,,,,,,,,Triangle Kush,50.00%,San Fernando Valley OG Kush,25.00%,ChemD BX2,25.00%,,,,,,,,,,,,,,
The Y,,,,,Y Life,,,Cherry Pie,,Girl Scout Cookies,,,,,,,,,,,,,,,,,
Thin Mint Girl Scout Cookies,,,,,,,Girl Scout Cookies,,,,,,,,,,,,,,,,,,,,
Trainwreck,,,,,Train Wreck; Arcata Trainwreck,,,Thai Sativa Landraces,25.00%,Mexico Sativa Landraces,25.00%,Afghan/Pakistan Indica Landraces,50.00%,,,,,,,,,,,,,,
Tres Dawg,,,,,,,,Double Dawg,,Chemdawg D,,,,,,,,,,,,,,,,,
Triangle,Indica dominant,Disputed,,,The White,,,,,,,,,,,,,,,,,,,,,,
Triangle Kush,,,,,,,,Emerald Triangle,,Hindu Kush,,,,,,,,,,,,,,,,,
Triangle Mints,,NZ Medical,Tilray,Tilray T25 (Triangle Mints),,,,Animal Mints,,Triangle Kush,,,,,,,,,,,,,,,,,
Triple Cheese,,,,,,,,Blue Cheese,,UK Cheese,,,,,,,,,,,,,,,,,
Tropicana Cookies,,NZ Medical,Medleaf,Medleaf Tropicana C,,,,Tangie,,Forum Cut Cookies,,,,,,,,,,,,,Canada,Non-irradiated,,,
Tropicana Poison,,,,,,,,Tropicana Cookies,,Red Poison,,,,,,,,,,,,,,,,,
Tutti Frutti,,,,,,,,Thai Sativa Landraces,,Green Haze,,Blue Haze,,Ruderalis Landraces,,,,,,,,,,,,,
Twilight ,,,,,Lemon Twilight; Twilight Kush; Twilight Indica,,,Afghan/Pakistan Indica Landraces,,,,,,,,,,,,,,Dutch Passion,,,,,
UK Cheese,,,,,Exodus Cheese; Cognitiva,,Skunk #1,,,,,,,,,,,,,,,Exodus,,,,,
Ultra Sour,,,,,,,,MK Ultra,,East Coast Sour Diesel,,,,,,,,,,,,,,,,,
Underdog OG (Gage Green),,,,,Underdog OG; New York OG; Original Headband; Daywrecker,,Original Diesel,,,,,,,,,,,,,,,,,,,,
Unknown Californian Hybrid,Balanced hybrid,Unknown,,,,,,,,,,,,,,,,,,,,,,,,,
Unknown Haze Strain,Sativa dominant,Unknown,,,,,,,,,,,,,,,,,,,,,,,,,
Unknown Hybrid Strain,Balanced hybrid,Unknown,,,,,,,,,,,,,,,,,,,,,,,,,
Unknown Hybrid Strain 1,Balanced hybrid,Unknown,,,,,,,,,,,,,,,,,,,,,,,,,
Unknown Hybrid Strain 2,Balanced hybrid,Unknown,,,,,,,,,,,,,,,,,,,,,,,,,
Unknown Hybrid Strain 3,Balanced hybrid,Unknown,,,,,,,,,,,,,,,,,,,,,,,,,
Unknown Hybrid Strain 4,Balanced hybrid,Unknown,,,,,,,,,,,,,,,,,,,,,,,,,
Unknown Indica Haze Strain,Indica dominant,Unknown,,,,,,,,,,,,,,,,,,,,,,,,,
Unknown Indica Lineages,Indica dominant,Unknown,,,,,,,,,,,,,,,,,,,,,,,,,
Unknown Indica Strain,Indica dominant,Unknown,,,,,,,,,,,,,,,,,,,,,,,,,
Unknown Indica Strain 1,Indica dominant,Unknown,,,,,,,,,,,,,,,,,,,,,,,,,
Unknown Indica Strain 2,Indica dominant,Unknown,,,,,,,,,,,,,,,,,,,,,,,,,
Unknown Indica Strain 3,Indica dominant,Unknown,,,,,,,,,,,,,,,,,,,,,,,,,
Unknown Indica Strain 4,Indica dominant,Unknown,,,,,,,,,,,,,,,,,,,,,,,,,
Unknown Indica Strain 5,Indica dominant,Unknown,,,,,,,,,,,,,,,,,,,,,,,,,
Unknown Korean Strain,Unknown,Unknown,,,,,,,,,,,,,,,,,,,,,,,,,
Unknown Lineages,Unknown,Unknown,,,,,,,,,,,,,,,,,,,,,,,,,
Unknown Male ,Unknown,Unknown,,,,,,,,,,,,,,,,,,,,,,,,,
Unknown Male 2,Unknown,Unknown,,,,,,,,,,,,,,,,,,,,,,,,,
Unknown Pacific Northwest Strain,Sativa dominant,Unknown,,,,,,,,,,,,,,,,,,,,,,,,,
Unknown Purple Strain,Unknown,Unknown,,,,,,,,,,,,,,,,,,,,,,,,,
Unknown Sativa Strain,Sativa dominant,Unknown,,,,,,,,,,,,,,,,,,,,,,,,,
Unknown Sativa Strain 1,Sativa dominant,Unknown,,,,,,,,,,,,,,,,,,,,,,,,,
Unknown Sativa Strain 2,Sativa dominant,Unknown,,,,,,,,,,,,,,,,,,,,,,,,,
Unknown Sativa Strain 3,Sativa dominant,Unknown,,,,,,,,,,,,,,,,,,,,,,,,,
Unknown Sativa Strain 4,Sativa dominant,Unknown,,,,,,,,,,,,,,,,,,,,,,,,,
Unknown Sativa Strain 5,Sativa dominant,Unknown,,,,,,,,,,,,,,,,,,,,,,,,,
Unknown Sativa Strain 6,Sativa dominant,Unknown,,,,,,,,,,,,,,,,,,,,,,,,,
Unknown Spanish Sativa,Sativa dominant,Unknown,,,,,,,,,,,,,,,,,,,,,,,,,
Unknown Strain,Unknown,Unknown,,,,,,,,,,,,,,,,,,,,,,,,,
Unknown Strain 10,Unknown,Unknown,,,,,,,,,,,,,,,,,,,,,,,,,
Unknown Strain 11,Unknown,Unknown,,,,,,,,,,,,,,,,,,,,,,,,,
Unknown Strain 12,Unknown,Unknown,,,,,,,,,,,,,,,,,,,,,,,,,
Unknown Strain 2,Unknown,Unknown,,,,,,,,,,,,,,,,,,,,,,,,,
Unknown Strain 3,Unknown,Unknown,,,,,,,,,,,,,,,,,,,,,,,,,
Unknown Strain 4,Unknown,Unknown,,,,,,,,,,,,,,,,,,,,,,,,,
Unknown Strain 5,Unknown,Unknown,,,,,,,,,,,,,,,,,,,,,,,,,
Unknown Strain 7,Unknown,Unknown,,,,,,,,,,,,,,,,,,,,,,,,,
Unknown Strain 8,Unknown,Unknown,,,,,,,,,,,,,,,,,,,,,,,,,
Unknown Strain 9,Unknown,Unknown,,,,,,,,,,,,,,,,,,,,,,,,,
Unnamed Strain,,NZ Medical,Rua,Rua THC26,,,,OG Kush,,Wedding Cake,,,,,,,,,,,,,,,,,
Vintner's Moonshine,,,,,,,,Purple Mayhem,,Zinn,,,,,,,,,,,,,,,,,
Wake‛n’Cake,,NZ Medical,Helius,Helius Maya,,,,Wedding Cake,,Grapefruit,,Unknown Strain 5,,,,,,,,,,,,,,,
Wappa,,NZ Medical,Flowerman,Flowerman Wappa,,,,Sweet Skunk,,,,,,,,,,,,,,,,,,,
Warlock,,,,,,,,Skunk #1,75.00%,Afghan/Pakistan Indica Landraces,25.00%,,,,,,,,,,,,,,,,
Wedding Cake,,,,,Triangle Mints #23; Cake; Pink Cookies,,Triangle Mints,,,,,,,,,,,,,,,,,,,,
Wedding Crasher,,,,,,,,Purple Punch,,Wedding Cake,,,,,,,,,,,,,,,,,
White Fire,,,,,White Fire OG; WiFi; WiFi OG; WiFi Kush,,,Fire Kush,,Triangle,,,,,,,,,,,,,,,,,
White OG,,,,,,,,San Fernando Valley OG Kush,,Triangle,,,,,,,,,,,,,,,,,
White Rhino,,,,,Medicine Man,,,Afghan/Pakistan Indica Landraces,,White Widow,,,,,,,,,,,,,,,,,
White Russian,,,,,,,,White Widow,,AK-47,,,,,,,,,,,,,,,,,
White Sherb,,NZ Medical,Chill Division,Chill Division White Sherb,,,,Pure Michigan,,Sherb Cream Pie,,,,,,,,,,,,,,,,,
White Sherbert,,,,,,,,Triangle,,Sherbert,,,,,,,,,,,,,,,,,
White Widow,,NZ Medical,Rua,Rua T18 White Widow,Black Widow,,,Brazil Sativa Landraces,,Kerala Indica,,,,,,,,,,,,,Denmark,,"THC 18%, CBD <1%",,
Wild Thailand,,,,,,,,Koh Chang Thai,,,,,,,,,,,,,,,,,,,
William’s Wonder ,,,,,,,,Unknown Indica Lineages,,,,,,,,,,,,,,,,,,,
Zinn,,,,,Fat Purple,,,Rock Bud,,Gooey,,,,,,,,,,,,,,,,,
Zkittlez,Indica dominant,Disputed,,,The Original Z,,,,,,,,,,,,,,,,,,,,,,
Zour Apples,,NZ Medical,Medleaf,Medleaf Zour Apple,,,,Ethos Glue,,Plantman Jack,,,,,,,,,,,,,Canada,Non-irradiated,"THC 23%, CBD <1%",,